{
    "TXN5988": 0.9577938402872322,
    "TXN2383": 0.9661704794502646,
    "TXN3205": 0.9664682084191071,
    "TXN979": 0.9483760271855739,
    "TXN1758": 0.9608227298998997,
    "TXN16528": 0.8886605152243565,
    "TXN7692": 0.9604457269268831,
    "TXN926": 0.9873824842375551,
    "TXN479": 0.9880063843692709,
    "TXN18208": 0.9815767968349283,
    "TXN11602": 0.9652129456263331,
    "TXN1295": 0.9698609184375325,
    "TXN4774": 0.9588962314233832,
    "TXN11722": 0.9833535626919491,
    "TXN6477": 0.9757129564789466,
    "TXN3004": 0.9552977074721315,
    "TXN16162": 0.9378781292807067,
    "TXN15375": 0.9479691160991409,
    "TXN3831": 0.9187679892884953,
    "TXN10680": 0.9456928209613241,
    "TXN10084": 0.9299469105488993,
    "TXN18613": 0.9920172120961787,
    "TXN5740": 0.9911143216359313,
    "TXN16865": 0.9875298634605258,
    "TXN4330": 0.9454458211729161,
    "TXN6770": 0.9493065802768016,
    "TXN2736": 0.9482141240936561,
    "TXN17368": 0.9398027119489073,
    "TXN2336": 0.9087725509290376,
    "TXN4141": 0.95202613005039,
    "TXN7315": 0.8315483899013401,
    "TXN4338": 0.8919682363097152,
    "TXN967": 0.960705376846723,
    "TXN13418": 0.9767826855887214,
    "TXN19495": 0.9661881586268097,
    "TXN6933": 0.9517375973606865,
    "TXN6455": 0.7655444029159275,
    "TXN5023": 0.9147094508817428,
    "TXN18275": 0.8632376972382941,
    "TXN13024": 0.9254382595547599,
    "TXN14869": 0.9958744733514029,
    "TXN18348": 0.9917783163255939,
    "TXN7123": 0.9891197426554392,
    "TXN10612": 0.9912689458861849,
    "TXN5413": 0.9933504148352666,
    "TXN12894": 0.9952345041301242,
    "TXN991": 0.9952859439998715,
    "TXN6255": 0.8738425895778841,
    "TXN13993": 0.9468359623519476,
    "TXN6988": 0.9386637577295049,
    "TXN9663": 0.9599933900826253,
    "TXN16643": 0.8089470176627755,
    "TXN12205": 0.937666664772574,
    "TXN7824": 0.9512098877891264,
    "TXN4358": 0.9608209612000308,
    "TXN3427": 0.9635860229159502,
    "TXN4340": 0.9228970637734717,
    "TXN17577": 0.8180152872569602,
    "TXN16209": 0.9418589466464644,
    "TXN7939": 0.939344849992509,
    "TXN11822": 0.958802621790155,
    "TXN10597": 0.5587634499165037,
    "TXN14353": 0.9337808657985055,
    "TXN7494": 0.967240132326599,
    "TXN17629": 0.9775272956195532,
    "TXN9016": 0.9449723714898146,
    "TXN19058": 0.8500579211256494,
    "TXN14391": 0.9949352891052331,
    "TXN12116": 0.9962408259609946,
    "TXN7028": 0.9963316761087023,
    "TXN12361": 0.9488062316097625,
    "TXN3195": 0.9060032160918905,
    "TXN465": 0.882487670119419,
    "TXN5113": 0.9939738805187656,
    "TXN15858": 0.9932550552444395,
    "TXN12520": 0.9890110982167517,
    "TXN15006": 0.9393944942241507,
    "TXN327": 0.963361194572659,
    "TXN18457": 0.9409161282603226,
    "TXN14572": 0.9946337958264956,
    "TXN17315": 0.9959846255386774,
    "TXN2335": 0.9951019223011072,
    "TXN13294": 0.9338596559728621,
    "TXN12556": 0.9231136622817706,
    "TXN7485": 0.9571307208673993,
    "TXN10266": 0.9764974054349669,
    "TXN12509": 0.9800240605487088,
    "TXN9027": 0.990964085777121,
    "TXN19373": 0.9145472491591657,
    "TXN8308": 0.9597907084730063,
    "TXN14147": 0.9934307598101905,
    "TXN6343": 0.992587738487153,
    "TXN1533": 0.9873109709806692,
    "TXN15026": 0.9617353966532712,
    "TXN11055": 0.9472666387310645,
    "TXN15823": 0.997623385729244,
    "TXN1546": 0.9973332029304237,
    "TXN16633": 0.99730774621343,
    "TXN3036": 0.9965728154446081,
    "TXN5178": 0.945396211678908,
    "TXN19613": 0.9672858228224678,
    "TXN15046": 0.9611396035991019,
    "TXN10393": 0.9750818567387438,
    "TXN9812": 0.9396998978264823,
    "TXN17604": 0.9572499751139697,
    "TXN3959": 0.9452944613503151,
    "TXN10149": 0.958452236775829,
    "TXN12203": 0.8929787241965423,
    "TXN19522": 0.9650225184567199,
    "TXN19208": 0.983166555015017,
    "TXN9087": 0.9649648040885745,
    "TXN5957": 0.9549230524020272,
    "TXN3729": 0.982783657654521,
    "TXN911": 0.9667761635912167,
    "TXN19960": 0.9815416272231806,
    "TXN14432": 0.9909289726568979,
    "TXN2326": 0.9944439758235291,
    "TXN17056": 0.994414217510688,
    "TXN12565": 0.9610425679343069,
    "TXN16438": 0.8580936956413417,
    "TXN577": 0.9291105510286191,
    "TXN13591": 0.9798153986867713,
    "TXN17760": 0.9851841012152367,
    "TXN1377": 0.9772069710133523,
    "TXN19980": 0.9847859840383228,
    "TXN19866": 0.9618300200114137,
    "TXN16104": 0.9402869884672787,
    "TXN6407": 0.9287660819097758,
    "TXN5175": 0.9384470011992122,
    "TXN8977": 0.8951942402184165,
    "TXN12195": 0.945906454919083,
    "TXN3084": 0.9841866987343616,
    "TXN2096": 0.983426151929713,
    "TXN59": 0.8182635444895152,
    "TXN2859": 0.979949965762059,
    "TXN13411": 0.9862601323632852,
    "TXN13525": 0.950319277760291,
    "TXN10534": 0.9460770100334371,
    "TXN12805": 0.9767921517700986,
    "TXN16613": 0.9846233771998113,
    "TXN661": 0.9609847682012128,
    "TXN13626": 0.9637254786415941,
    "TXN15600": 0.9426996630890823,
    "TXN477": 0.982706237577769,
    "TXN15675": 0.9830342041503777,
    "TXN7467": 0.929832162153906,
    "TXN11908": 0.9614592138518708,
    "TXN13620": 0.9151224869463944,
    "TXN7533": 0.9618158626608999,
    "TXN10118": 0.9648611543930137,
    "TXN17123": 0.926122156485721,
    "TXN7115": 0.9246854688784576,
    "TXN14894": 0.9506757483902031,
    "TXN2090": 0.992882029276877,
    "TXN10785": 0.9887740564025792,
    "TXN13778": 0.98946639487681,
    "TXN10433": 0.9908801346033639,
    "TXN6683": 0.9403242530613107,
    "TXN1141": 0.948157443891606,
    "TXN10765": 0.8926932393745027,
    "TXN14446": 0.9554354952549253,
    "TXN18246": 0.9323826173218385,
    "TXN358": 0.9135917956470706,
    "TXN6486": 0.007049998510584965,
    "TXN1762": 0.9557518079218265,
    "TXN14589": 0.9786927794140967,
    "TXN6768": 0.9880005868054295,
    "TXN6370": 0.9610397210219166,
    "TXN16391": 0.9395253368098804,
    "TXN4870": 0.9937446335629785,
    "TXN13554": 0.9937216574345411,
    "TXN6253": 0.988606323505676,
    "TXN4565": 0.9609678354003179,
    "TXN8288": 0.9466991668237072,
    "TXN3604": 0.9401669617325422,
    "TXN5635": 0.8077098599794603,
    "TXN12377": 0.9811150348291853,
    "TXN2052": 0.9861252262207904,
    "TXN2893": 0.9467633411004713,
    "TXN1484": 0.9743680940163036,
    "TXN15689": 0.9796572401305329,
    "TXN9776": 0.9845235638304861,
    "TXN19920": 0.9371647079368327,
    "TXN43": 0.946651002332177,
    "TXN13965": 0.7857102348653412,
    "TXN8399": 0.9538889368114223,
    "TXN1345": 0.9281057928675635,
    "TXN6222": 0.9555698059927548,
    "TXN8485": 0.9977809297868354,
    "TXN16327": 0.9976509208495459,
    "TXN1524": 0.9970470711866702,
    "TXN7739": 0.9970669798639629,
    "TXN19719": 0.5905831850324421,
    "TXN11967": 0.965224995825872,
    "TXN15822": 0.9377184339664293,
    "TXN16187": 0.9418096133399089,
    "TXN4491": 0.9361207762929364,
    "TXN1803": 0.9570485218362089,
    "TXN8638": 0.9563207332517831,
    "TXN3645": 0.9368481053023634,
    "TXN17855": 0.6389741408444318,
    "TXN16789": 0.9410683411689958,
    "TXN8274": 0.8458179374714949,
    "TXN13403": 0.9389170584896905,
    "TXN8735": 0.9528024839061835,
    "TXN5543": 0.9626051493324072,
    "TXN15617": 0.928775835579086,
    "TXN437": 0.9566523260258548,
    "TXN5474": 0.9762555925829208,
    "TXN6941": 0.9764624851982812,
    "TXN12009": 0.9793952451648988,
    "TXN7023": 0.971101403009948,
    "TXN11481": 0.9074876751932893,
    "TXN17898": 0.6837839048245901,
    "TXN15150": 0.9858734481084869,
    "TXN17062": 0.9869395693958325,
    "TXN16888": 0.96520665784043,
    "TXN601": 0.960890429645698,
    "TXN9586": 0.9199313453395485,
    "TXN9203": 0.9486747083574273,
    "TXN15197": 0.9118433894731224,
    "TXN8380": 0.9399317436166764,
    "TXN10873": 0.9576711713951752,
    "TXN2014": 0.9500972590479698,
    "TXN10702": 0.9233048275309577,
    "TXN18672": 0.9840906785367725,